{
  "images" : [
    {
      "resizing" : {
        "mode" : "9-part",
        "center" : {
          "mode" : "tile",
          "width" : 1,
          "height" : 8
        },
        "cap-insets" : {
          "bottom" : 20,
          "top" : 12,
          "right" : 13,
          "left" : 26
        }
      },
      "idiom" : "universal",
      "filename" : "tabbar_back.png",
      "scale" : "1x"
    },
    {
      "resizing" : {
        "mode" : "9-part",
        "center" : {
          "mode" : "tile",
          "width" : 1,
          "height" : 47
        },
        "cap-insets" : {
          "bottom" : 14,
          "top" : 19,
          "right" : 37,
          "left" : 42
        }
      },
      "idiom" : "universal",
      "filename" : "tabbar_back@2x.png",
      "scale" : "2x"
    },
    {
      "idiom" : "universal",
      "scale" : "3x"
    }
  ],
  "info" : {
    "version" : 1,
    "author" : "xcode"
  }
}